instructorID,firstname,lastname,address,city,prov,postal_code,email
1,Patrick,Espinoza,4864 Andrew Corner Suite 516,South Jennifer,BC,93659,vmiller@gmail.com
2,Kenneth,Bernard,29704 Crawford Wall,North Edwardtown,NS,38406,williamspaul@clark-martinez.biz
3,Rhonda,Edwards,421 Hinton Crescent,South Williammouth,NL,59616,richarddavis@yahoo.com
4,Todd,Long,2319 Alicia Extension Suite 592,Tammyburgh,MB,88588,rebeccajohnson@sims.com
5,Toni,Taylor,428 Moore Courts Apt. 645,West Rodneyfort,PE,86050,thomasevans@hall.com
6,Sarah,Gonzalez,3221 Powell Courts,Navarromouth,PE,94213,bushjuan@yahoo.com
7,Martin,Walker,840 Kimberly Forges,South Brandon,SK,76097,waltersjeremy@sullivan.org
8,Cody,Flores,3623 Long Landing,Ericfurt,NS,06933,ashleymeyer@gmail.com
9,Jason,Marquez,377 Carolyn Manor,Hernandezfort,NB,03702,jeremy60@yahoo.com
10,Lauren,Lloyd,688 Sellers Course,New Debraport,BC,06887,cwagner@yahoo.com
11,Colton,Hunt,65580 Alex Crossroad,Webbside,ON,75325,joshuaclark@hood.biz
12,Stacy,Moss,677 Taylor Drives Suite 607,Port Jennifer,SK,64839,oward@neal.info
13,James,Price,476 Archer Creek Suite 247,South Laurenborough,AB,79701,wanda64@gmail.com
14,Rachel,Miller,7088 Torres Harbor,Johnville,QC,25518,katherine49@yahoo.com
15,David,Morales,62427 Hayes Forge,Popeland,AB,22332,sanderscaitlin@davis.org
16,Diane,Lopez,216 Mullen Mission,Lake Amber,ON,24482,sortiz@ward-robinson.com
17,Crystal,Payne,24591 Brown Glen,New Nicolechester,QC,89789,drakeanna@gmail.com
18,Alexis,Baker,229 Vance Villages Apt. 795,Lynnport,QC,83915,newmanbradley@yahoo.com
19,Douglas,Ballard,9770 Bird Mission,Port Rebecca,NS,30782,bradley92@gmail.com
20,Priscilla,Robinson,35173 Wright Shoal Apt. 531,Lake Alexanderburgh,MB,46950,bryce22@lozano.com
21,Rita,Kennedy,538 Timothy Ford Suite 815,Port Travis,NL,31934,tyler99@yahoo.com
22,James,Kim,64792 Crystal Branch Suite 279,Rachaeltown,AB,36595,etucker@gmail.com
23,Kelsey,Paul,9615 Desiree Corners Apt. 359,Oliviatown,NL,08052,cthomas@hotmail.com
24,Christina,Robinson,45365 Carpenter Turnpike,Leslieville,MB,22744,thowell@hayes.com
25,Sabrina,Adkins,66020 Moon Circles Apt. 719,Lake Emilymouth,AB,77821,edunn@hotmail.com
26,Craig,Reynolds,40492 Jessica Knoll,Robinview,QC,84602,lpratt@bell.com
27,Victor,Branch,99335 Stephanie Streets Apt. 115,Walkerside,NB,33859,whitekevin@gmail.com
28,Kathryn,Lowery,1683 Rebecca Branch,Lake Taylorfurt,PE,19939,murphyamber@figueroa.com
29,Raymond,Simmons,14397 Salazar Row Suite 479,South Ronald,PE,84998,susan23@yahoo.com
30,Matthew,Middleton,18144 Turner Lodge,Lewisshire,BC,05632,brownkristen@williams.com
31,Monica,Mullins,6414 Maria Cape,Paulfort,NB,59717,dominiclawrence@howell.com
32,Heather,Ryan,3232 Perez Branch Apt. 969,Lake Anthony,NS,95813,perryamy@mckee.info
33,Vanessa,Williams,070 Alexander Shoal,North Carol,NB,57278,randyharris@perry.com
34,Emily,Mann,055 Veronica Highway Suite 156,New Aaron,NB,46846,hicksmichelle@hotmail.com
35,Angela,Miles,23967 Peck Passage,Simmonsmouth,PE,74210,michael03@hotmail.com
36,Anthony,Wilson,891 Jonathan Lodge,Cynthiaton,BC,07333,charlesgreen@davis.com
37,Victor,Gillespie,8960 Paula Viaduct Suite 343,Kellyfort,ON,65477,jenniferwilliams@yahoo.com
38,Megan,Boyd,8851 Reyes Knolls,Port Jennifer,NS,38946,fernando98@hotmail.com
39,Jonathan,Murray,3412 May Rapids Apt. 004,North Taylormouth,PE,73640,jessicayang@gmail.com
40,Grace,Rogers,02365 Hernandez Plaza,New Jorgestad,AB,57025,mike06@yahoo.com
41,Lynn,Ramirez,394 Frost Motorway,South Tracey,MB,62428,jonperez@hotmail.com
42,Travis,Wilson,311 Rosales Burgs,Port Christineton,MB,68432,pricesamantha@hotmail.com
43,Joshua,Dean,23852 Jimmy Circle Suite 575,East David,ON,63885,emilybarry@sampson.com
44,William,Preston,0453 Michael Rue,North Rhondaborough,NS,49093,sarah89@yahoo.com
45,Steven,Williams,075 Peters Mall Suite 685,Julieshire,NS,33988,howellbrittney@gmail.com
46,Brandy,Bradford,3236 Billy Viaduct,Santosville,NS,86158,matthew68@reynolds.net
47,Dylan,Meza,7685 April Plains,Heatherton,AB,99016,eric49@frank-newman.biz
48,Meredith,Ortiz,53017 Paula Knolls Suite 677,South Laura,NS,02854,ronald57@li.info
49,Benjamin,Price,6478 Johnson Vista Suite 211,East Kathy,SK,08157,rwest@allison.com
50,Sylvia,Hopkins,10180 Karla Parks Suite 506,New Samuel,MB,43859,rowegail@walter.org
51,Sara,Nguyen,8767 Paula Courts,West Patriciahaven,PE,60434,andrew44@glass-mullins.com
52,Jeremy,Kelly,512 Angela Stravenue Suite 729,Gregorybury,NS,80599,garzalarry@hotmail.com
53,Pamela,Lambert,6039 Golden Avenue,Brownhaven,AB,89439,ballardcrystal@baker.org
54,Kevin,Salinas,993 Smith Village Suite 550,Chapmanstad,NB,38855,khorton@hotmail.com
55,Lydia,Moore,02503 Hutchinson Grove,Matthewfurt,NB,34244,christopher84@gmail.com
56,Victoria,Spencer,370 Hill Groves,Benjaminmouth,MB,74380,cathy75@hall.org
57,Terri,Vincent,26849 Kevin Shore Suite 215,Dixonborough,NL,03488,hferrell@cooper.info
58,Julian,White,811 Lisa Route Suite 471,West Peter,NS,90091,hgaines@hotmail.com
59,Sheena,Meyers,26873 Steele Keys,West Alexis,SK,70553,brianmorgan@hotmail.com
60,Connie,Lopez,61358 Stokes Villages,East Cheyenne,MB,87645,alexandravalenzuela@martin.com
61,Laurie,Scott,91182 Hess Valley,Port Kimberly,MB,46355,smithhayley@yahoo.com
62,Anthony,Gallagher,934 Jessica Station,East Sean,NS,27261,isabellarodriguez@gmail.com
63,Jessica,Carlson,40085 Brianna Locks,Rasmussenport,NS,51012,edwardsjuan@gaines.net
64,Becky,Contreras,154 Lambert Vista,Port Michaelside,ON,39291,crowe@yahoo.com
65,Aaron,White,18190 Heather Vista,Suzannestad,BC,79182,bailey19@gmail.com
66,Eric,Hill,85135 Cole Islands Suite 405,Martinezchester,SK,70335,william49@gmail.com
67,Danielle,Yu,232 Regina Mission Suite 157,Sharpport,NS,10445,maria73@hotmail.com
68,Elizabeth,Cox,0043 Manning Common,Stephanieport,QC,55816,rossjonathan@gmail.com
69,Diana,White,2236 Long Valleys,Rogerschester,QC,04710,rosskaylee@keller.com
70,Jacqueline,Mcfarland,3846 Paul Fall,Brooksberg,AB,77453,williamsgeoffrey@miller.net
71,Brooke,Dunn,272 Lopez Rest Apt. 214,Marquezville,NB,58471,kennethrobinson@smith-reynolds.com
72,Scott,Ross,04192 Glenn Stravenue Suite 328,Brandontown,BC,97413,xyates@gmail.com
73,Lauren,Owens,2895 Cruz Pike Suite 871,Hernandezbury,BC,88315,kerri86@ray.com
74,Andrew,Miles,936 Pamela Loaf Suite 887,West Kimberly,NS,56835,stephensonedward@brady-nichols.net
75,Emily,Taylor,149 Kevin Groves Suite 093,Carrollview,NS,86217,philip31@ferguson.info
76,Andrea,Montgomery,2877 Hanson Stravenue,Harringtonhaven,AB,43980,buckleyvictoria@hotmail.com
77,Gregory,Price,101 Bean Lodge Suite 749,Charlesfurt,AB,99490,inelson@gmail.com
78,Molly,Hamilton,216 Clark Drive,West Robertberg,SK,96914,madams@diaz.com
79,Samantha,Pratt,8515 Vasquez Forest,South Jennifer,NS,84370,monica29@gmail.com
80,Jeffrey,Watson,3425 Wilson Rest,Harrisport,NB,56540,suzanne56@gmail.com
81,Clinton,Brooks,5265 Williams Oval,East Brittney,ON,51677,ryanavila@yahoo.com
82,Jason,Pruitt,367 Romero Estate,Lake Lisa,QC,93635,crystal71@hotmail.com
83,Alexis,Mills,1317 Danielle Highway,Gonzalezshire,BC,95513,samuel34@morales.com
84,Melissa,Oconnor,462 Garner Oval Suite 363,Lake Benjamin,NS,17614,rjohnson@wright.org
85,Brandon,Stanley,983 Williams Lake,Josephborough,PE,90994,michelle02@hotmail.com
86,Jenny,White,135 Savannah Meadows,New Johntown,NS,82953,anthonyhorton@gmail.com
87,David,Smith,905 Phillips Turnpike Suite 944,North Kerri,AB,80205,micheleballard@lindsey-woodward.net
88,Suzanne,Johnson,58594 Joshua Bypass,Richardville,AB,86779,weisscorey@hotmail.com
89,Joshua,Contreras,99262 Julia Valleys,Donnaport,SK,97855,xoneill@becker.info
90,Eric,Sampson,4867 Robert Radial,Longtown,ON,98273,kaitlinsingh@gmail.com
91,Danny,Mcdaniel,73239 Rogers Way,South Davidton,NB,88869,ahenderson@yahoo.com
92,Jermaine,Walker,2023 Cody Plaza Apt. 805,Tammiestad,NB,22652,julieeaton@gmail.com
93,Wesley,Wright,58074 Austin Trace,West Mariaview,SK,83875,sandra12@hotmail.com
94,Joyce,Guerrero,578 Benjamin Via Suite 897,North Connie,MB,93552,gmorgan@johnson.com
95,Jeffrey,Gross,3172 Carter Branch,Caseyside,NL,44514,krista00@yahoo.com
96,Wayne,Hood,67189 Gary Rapid Suite 462,South Jacobburgh,QC,53531,paulmitchell@bond-gomez.org
97,Andrea,Thomas,105 Meghan Summit,Myersmouth,BC,05602,feliciawilliams@salazar.info
98,John,Blankenship,12581 Fleming Fords Apt. 106,Phillipston,NS,35332,pmcbride@hotmail.com
99,Joshua,Brown,83694 Nathan Brook Apt. 988,Leviport,ON,10716,davidlester@yahoo.com
100,Elizabeth,Thompson,1273 Sabrina Pine Apt. 095,Port Wanda,QC,07966,sotobrent@yahoo.com
